id,predicted_ddg
1BZ6A_I28A_d,-0.10940446
1BZ6A_L29A_d,-0.26374847
1BZ6A_I30A_d,-1.070926
1BZ6A_L32A_d,-0.607162
1BZ6A_H24V_d,-0.52153623
1BZ6A_H36Q_d,-0.9834107
1BZ6A_H48Q_d,-0.30997437
1BZ6A_H64Q_d,-0.38623315
1BZ6A_H82Q_d,-0.53802615
1BZ6A_H93G_d,0.42518622
1BZ6A_H97Q_d,-0.62725985
1BZ6A_H113Q_d,0.93992966
1BZ6A_H119F_d,-0.42766842
1BZ6A_G129A_d,0.34924728
1BZ6A_V66A_d,-0.8146828
1BZ6A_P88A_d,0.47437534
1BZ6A_H116A_d,-0.09503585
1BZ6A_V13A_d,-0.33175793
1BZ6A_T67A_d,-0.8975741
1BZ6A_S117A_d,-1.0168073
1BZ6A_L11A_d,-1.1722476
1BZ6A_L9A_d,-0.042187106
1BZ6A_G23A_d,-1.11279
1BZ6A_L137A_d,-0.20787594
1BZ6A_V114A_d,1.1135429
1BZ6A_T51A_d,-1.7046909
1BZ6A_L149A_d,-0.8221261
1BZ6A_I142A_d,-1.4449775
1BZ6A_Q8A_d,-1.1845961
1BZ6A_Q8G_d,-0.874716
1BZ6A_E109A_d,-1.928662
1BZ6A_E109G_d,-1.0413811
1BZ6A_K140A_d,-0.2974723
1BZ6A_L29F_d,-1.2074002
1BZ6A_L29N_d,-0.40465966
1BZ6A_F43V_d,-0.3197928
1BZ6A_F43I_d,-0.51070243
1BZ6A_H64A_d,-0.31961623
1BZ6A_H64L_d,0.50479853
1BZ6A_H64F_d,0.06550295
1BZ6A_V68F_d,-0.9426066
1BZ6A_V68A_d,-1.5994527
1BZ6A_V68Q_d,-0.8928029
1BZ6A_V68N_d,-1.0148532
1BZ6A_V68S_d,-0.6553732
1BZ6A_V68T_d,-0.2692799
1BZ6A_I107F_d,0.0021701872
1BZ6A_I107V_d,-0.9862196
1BZ6A_I107T_d,-0.59245145
1BZ6A_I28L_d,-0.9258107
1BZ6A_I28M_d,-0.47802323
1BZ6A_I28V_d,0.41889587
1BZ6A_I111L_d,-0.70914686
1BZ6A_I111M_d,-0.77372193
1BZ6A_I111A_d,-1.3752636
1BZ6A_I142L_d,0.43844968
1BZ6A_I142M_d,-0.5186032
1BZ6A_I142V_d,-0.2913932
1BZ6A_L29I_d,-0.8548212
1BZ6A_L29M_d,-0.5076996
1BZ6A_L29V_d,-0.6056533
1BZ6A_L69I_d,-0.7961463
1BZ6A_L69M_d,-0.91523516
1BZ6A_L69V_d,-0.69382495
1BZ6A_L69A_d,-0.60784465
1BZ6A_L135I_d,-0.90585005
1BZ6A_L135M_d,-1.4578372
1BZ6A_L135V_d,-1.7499031
1BZ6A_L49I_d,-0.4058563
1BZ6A_A130L_d,-2.3461003
1BZ6A_A130K_d,-0.0446635
1BZ6A_F123T_d,-0.9058735
1BZ6A_E4A_d,-1.6878761
1BZ6A_K133A_d,-1.0455159
1BZ6A_D122A_d,-1.7454569
1BZ6A_E18A_d,-1.5127113
1BZ6A_K77A_d,-0.553852
1BZ6A_D20A_d,-1.6051811
1BZ6A_R118A_d,-0.6325756
1BZ6A_D44A_d,-1.7387882
1BZ6A_D60A_d,-1.6704658
1BZ6A_K56A_d,-0.5532769
1BZ6A_R139A_d,-0.6883174
1BZ6A_W7F_d,-1.1852493
1BZ6A_W14F_d,-0.75106657
1BZ6A_M131A_d,-1.4767644
1BZ6A_F123K_d,-0.25299478
1BZ6A_L115A_d,-1.229829
1BZ6A_F123A_d,-1.1193483
1BZ6A_L135A_d,-2.4240966
1BZ6A_F106A_d,0.059002854
1BZ6A_A15L_d,-1.1773255
1BZ6A_A125L_d,-0.32983333
1BZ6A_A144L_d,-1.237513
1BZ6A_I28F_d,-0.1709843
1BZ6A_L32W_d,0.26824477
1BZ6A_L32F_d,0.020310381
1BZ6A_H64W_d,-1.4016314
1BZ6A_H64Y_d,0.20087042
1BZ6A_H64I_d,-0.15662342
1BZ6A_H64V_d,0.06904665
1BZ6A_H64T_d,-0.018800288
1BZ6A_H64N_d,-0.3711998
1BZ6A_H64R_d,-0.4724226
1BZ6A_H64G_d,-0.5794291
1BZ6A_T67F_d,-1.2811967
1BZ6A_T67Q_d,-0.43953714
1BZ6A_T67P_d,-1.4638205
1BZ6A_V68L_d,-0.5853778
1BZ6A_V68W_d,-1.8779532
1BZ6A_V68I_d,-0.83671284
1BZ6A_V68Y_d,-1.0994736
1BZ6A_I107A_d,-1.9899966
